"prinz_455","tripadvisor_6773","0.9030951008533157"
"prinz_2696","tripadvisor_4303","0.8827951536923706"
"prinz_2941","tripadvisor_4870","0.9945416675343455"
"prinz_2811","tripadvisor_6985","0.9949672380582912"
"prinz_290","tripadvisor_4881","0.9864527157358883"
"prinz_2575","tripadvisor_7082","0.9744332918184706"
"prinz_2392","tripadvisor_5935","0.8953447612727189"
"prinz_3152","tripadvisor_6711","0.9662116375195214"
"prinz_1501","tripadvisor_6980","0.8391059257195622"
"prinz_4928","tripadvisor_536","0.9760837519460833"
"prinz_8529","tripadvisor_8097","0.9111664664143163"
"prinz_1523","tripadvisor_6111","0.9288485655654982"
"prinz_1627","tripadvisor_6998","0.8636363636363636"
"prinz_213","tripadvisor_5976","0.9894424441515639"
"prinz_629","tripadvisor_2860","0.8438265629342342"
"prinz_733","tripadvisor_1005","0.9867401926657086"
"prinz_2551","tripadvisor_4874","0.994297100933841"
"prinz_2670","tripadvisor_1945","0.9345861475743493"
"prinz_8985","tripadvisor_7518","0.8930509402487331"
"prinz_2573","tripadvisor_1579","1.0"
"prinz_1647","tripadvisor_6334","1.0"
"prinz_353","tripadvisor_3106","0.9866531359030866"
"prinz_206","tripadvisor_5800","0.985052489473857"
"prinz_2585","tripadvisor_6487","0.9787691065406601"
"prinz_4721","tripadvisor_2396","0.9810278037991953"
"prinz_470","tripadvisor_357","0.9662734012740971"
"prinz_1263","tripadvisor_1294","0.9478237280769817"
"prinz_4345","tripadvisor_1111","0.9247269660977661"
"prinz_3927","tripadvisor_3125","0.9583333333333334"
"prinz_2609","tripadvisor_6019","0.8666666666639163"
"prinz_2076","tripadvisor_6088","0.98838390280453"
"prinz_6643","tripadvisor_2110","0.9579619601266867"
"prinz_251","tripadvisor_963","0.9390698742424733"
"prinz_5013","tripadvisor_5994","0.9763539484004882"
"prinz_2963","tripadvisor_7071","0.9182045863675468"
"prinz_2207","tripadvisor_4131","0.875"
"prinz_5433","tripadvisor_5173","0.9030151519753649"
"prinz_2675","tripadvisor_7155","0.8437790205337597"
"prinz_1852","tripadvisor_8103","0.8344640065468137"
"prinz_2133","tripadvisor_2546","0.8464876916366414"
"prinz_2194","tripadvisor_6576","0.9999095088154113"
"prinz_540","tripadvisor_1133","1.0"
"prinz_925","tripadvisor_1722","0.9520367828724319"
"prinz_2870","tripadvisor_1303","0.999999999996071"
"prinz_2311","tripadvisor_5697","1.0"
"prinz_2181","tripadvisor_5526","0.8846937084824223"
"prinz_571","tripadvisor_498","0.973490663435"
"prinz_839","tripadvisor_426","0.9421390248172978"
"prinz_355","tripadvisor_1235","0.9805667016267117"
"prinz_7508","tripadvisor_5648","0.9734922220935053"
"prinz_4330","tripadvisor_409","0.9067578344707883"
"prinz_688","tripadvisor_6782","0.9330450789640962"
"prinz_702","tripadvisor_6928","0.9641877746378604"
"prinz_171","tripadvisor_37","0.8356627411515548"
"prinz_2860","tripadvisor_1430","0.9909105475989449"
"prinz_2116","tripadvisor_4825","0.9687165099917117"
"prinz_709","tripadvisor_327","0.9820764020091474"
"prinz_1027","tripadvisor_7420","0.9166666666666667"
"prinz_2360","tripadvisor_458","1.0"
"prinz_1778","tripadvisor_2532","0.8721377551096604"
"prinz_590","tripadvisor_5460","0.9100776200358042"
"prinz_1857","tripadvisor_4243","0.8721068816946682"
"prinz_2818","tripadvisor_5738","0.9745750422434579"
"prinz_1516","tripadvisor_1330","0.8869452617501902"
"prinz_1241","tripadvisor_4392","0.8415260683904"
"prinz_2339","tripadvisor_6625","0.9583333333317131"
"prinz_2966","tripadvisor_719","0.9887640025512484"
"prinz_2686","tripadvisor_2615","0.966593831122458"
"prinz_451","tripadvisor_6442","0.973970594667057"
"prinz_6146","tripadvisor_6308","0.8882198191613316"
"prinz_1113","tripadvisor_1046","0.8826038520829762"
"prinz_231","tripadvisor_6227","0.9324734598995171"
"prinz_1731","tripadvisor_6514","0.8506511113480812"
"prinz_2494","tripadvisor_4365","1.0"
"prinz_853","tripadvisor_5755","0.98710132119553"
"prinz_2473","tripadvisor_253","0.9223632761097031"
"prinz_6172","tripadvisor_7481","0.8371030634742134"
"prinz_1897","tripadvisor_7344","0.9449319318441572"
"prinz_874","tripadvisor_1032","0.9787322963257801"
"prinz_6151","tripadvisor_7535","0.9723723760760773"
"prinz_2068","tripadvisor_763","0.9903766646976776"
"prinz_6175","tripadvisor_8030","0.9636477892046713"
"prinz_2007","tripadvisor_515","0.9555292676489396"
"prinz_2531","tripadvisor_335","0.9866715458161408"
"prinz_2994","tripadvisor_3495","0.9028981994598553"
"prinz_2124","tripadvisor_6352","0.9975628598617736"
"prinz_536","tripadvisor_4341","0.9920591957288254"
"prinz_4006","tripadvisor_6177","0.9423076923076923"
"prinz_1664","tripadvisor_7294","0.9492967809593562"
"prinz_4946","tripadvisor_1811","0.8707009597115652"
"prinz_1081","tripadvisor_6572","0.8441671651057817"
"prinz_1943","tripadvisor_2572","0.8606290144576869"
"prinz_661","tripadvisor_6991","1.0"
"prinz_4945","tripadvisor_8141","0.86"
"prinz_636","tripadvisor_1974","0.9294132763590492"
"prinz_9688","tripadvisor_832","0.9880771006656346"
"prinz_6157","tripadvisor_7141","0.8565644197556856"
"prinz_693","tripadvisor_5746","0.9696241279372562"
"prinz_544","tripadvisor_493","0.995853567829891"
"prinz_4923","tripadvisor_2585","0.9855075763155305"
"prinz_4189","tripadvisor_1101","0.8744378086074458"
"prinz_1517","tripadvisor_3316","0.8896344668543179"
"prinz_2848","tripadvisor_1608","0.901953239950685"
"prinz_2854","tripadvisor_7286","0.8815546711933292"
"prinz_4925","tripadvisor_6977","0.9988465767157905"
"prinz_2199","tripadvisor_266","0.8431529010535304"
"prinz_8313","tripadvisor_7900","0.9608295257096625"
"prinz_1484","tripadvisor_5086","0.9607843137254902"
"prinz_785","tripadvisor_1549","0.9983080966417054"
"prinz_803","tripadvisor_242","0.9226210193325355"
"prinz_1559","tripadvisor_10","1.0"
"prinz_2859","tripadvisor_370","0.9013111978794872"
"prinz_8626","tripadvisor_3089","0.875"
"prinz_1016","tripadvisor_8097","0.8387583279638459"
"prinz_2513","tripadvisor_6992","0.9852013451827508"
"prinz_2645","tripadvisor_4387","0.9387513172552978"
"prinz_429","tripadvisor_1010","0.9999999999972496"
"prinz_2796","tripadvisor_1859","0.9726095647370109"
"prinz_4931","tripadvisor_8129","0.9951667196115056"
"prinz_2985","tripadvisor_7293","0.9778457938184794"
"prinz_3034","tripadvisor_5614","1.0"
"prinz_3025","tripadvisor_2768","0.9781736832550438"
"prinz_4328","tripadvisor_6003","0.9426780296369897"
"prinz_4933","tripadvisor_629","0.9768032968202556"
"prinz_9065","tripadvisor_4212","0.8449041498889315"
"prinz_722","tripadvisor_6490","0.9849106951191144"
"prinz_351","tripadvisor_5780","1.0"
"prinz_1293","tripadvisor_463","0.8446969696969697"
"prinz_1122","tripadvisor_7326","0.984375"
"prinz_558","tripadvisor_8140","1.0"
"prinz_1628","tripadvisor_2627","0.871360884414954"
"prinz_543","tripadvisor_740","0.9787253788079942"
"prinz_1326","tripadvisor_5677","0.8942296179856284"
"prinz_269","tripadvisor_5649","0.980225812687828"
"prinz_1779","tripadvisor_541","0.8610190316429713"
"prinz_503","tripadvisor_6648","1.0"
"prinz_4743","tripadvisor_1258","0.9693357930811843"
"prinz_2495","tripadvisor_1089","0.9906368922728244"
"prinz_500","tripadvisor_6964","0.9869345552861045"
"prinz_5584","tripadvisor_7480","0.9176756800136935"
"prinz_9920","tripadvisor_1724","0.8703703703703703"
"prinz_579","tripadvisor_6846","0.9751463240051098"
"prinz_9318","tripadvisor_164","0.9429197398911183"
"prinz_1134","tripadvisor_7192","0.8676036045776332"
"prinz_2564","tripadvisor_7142","0.9895845219596133"
"prinz_2057","tripadvisor_7418","0.96074425617592"
"prinz_5205","tripadvisor_2982","0.9593356578116776"
"prinz_1237","tripadvisor_6984","0.996385226454698"
"prinz_1858","tripadvisor_6428","1.0"
"prinz_1759","tripadvisor_2301","0.9044840162614709"
"prinz_623","tripadvisor_622","0.9823102114514728"
"prinz_8700","tripadvisor_6326","1.0"
"prinz_2952","tripadvisor_3071","0.9940068940261304"
"prinz_1602","tripadvisor_5308","1.0"
"prinz_1486","tripadvisor_5448","0.9920458282057617"
"prinz_3","tripadvisor_3753","0.9166666666666667"
"prinz_9441","tripadvisor_8071","0.9932985532510701"
"prinz_2115","tripadvisor_16","0.9508426903458354"
"prinz_2342","tripadvisor_7243","0.8860442829987039"
"prinz_1577","tripadvisor_7064","1.0"
"prinz_4998","tripadvisor_4926","0.9359641106437101"
"prinz_9648","tripadvisor_5606","0.9821428571428572"
"prinz_439","tripadvisor_305","0.9015797599599973"
"prinz_2179","tripadvisor_748","0.9975074563525863"
"prinz_833","tripadvisor_2029","0.9967562795950018"
"prinz_1673","tripadvisor_2204","0.9988437893207487"
"prinz_2095","tripadvisor_6131","0.9999999999976426"
"prinz_2249","tripadvisor_6085","0.888888888888889"
"prinz_2542","tripadvisor_4489","0.9927336429288725"
"prinz_2349","tripadvisor_3931","0.9835468032863507"
"prinz_4947","tripadvisor_7078","0.9770761431456838"
"prinz_1103","tripadvisor_6394","1.0"
"prinz_220","tripadvisor_684","0.8863636363603948"
"prinz_2752","tripadvisor_4189","1.0"
"prinz_423","tripadvisor_6940","0.9756340787941216"
"prinz_942","tripadvisor_743","0.9680554196382101"
"prinz_2631","tripadvisor_7002","0.9885109043363087"
"prinz_4832","tripadvisor_6642","0.8677135684019932"
"prinz_1470","tripadvisor_1363","0.9762540709987071"
"prinz_2622","tripadvisor_6528","0.9901692667771318"
"prinz_5035","tripadvisor_6814","0.989783467096935"
"prinz_1527","tripadvisor_4936","0.9995219502704072"
"prinz_9562","tripadvisor_5779","0.9713537578017188"
"prinz_2967","tripadvisor_4750","0.9604779463520019"
"prinz_2263","tripadvisor_6598","0.9731305944155564"
"prinz_4233","tripadvisor_1400","0.8574999999999999"
"prinz_3000","tripadvisor_6048","0.9795953604390852"
"prinz_1521","tripadvisor_6","1.0"
"prinz_9566","tripadvisor_7438","0.9535091552901763"
"prinz_907","tripadvisor_535","0.9716323664897111"
"prinz_2656","tripadvisor_5532","0.8550600997402675"
"prinz_2667","tripadvisor_7133","0.8622565787009377"
"prinz_581","tripadvisor_6996","0.9248801178082946"
"prinz_4779","tripadvisor_2137","0.8958333333333333"
"prinz_1239","tripadvisor_4930","0.8784732989055213"
"prinz_2601","tripadvisor_2566","0.966653865685019"
"prinz_5036","tripadvisor_6986","0.8518545216926094"
"prinz_2810","tripadvisor_7352","0.9488181733945465"
"prinz_5616","tripadvisor_8099","0.9810813390577412"
"prinz_232","tripadvisor_6847","0.9641952231011256"
"prinz_7347","tripadvisor_5390","1.0"
"prinz_2464","tripadvisor_55","0.9285714285714286"
"prinz_893","tripadvisor_5772","0.9843480091345747"
"prinz_4207","tripadvisor_7452","0.9895847953259624"
"prinz_9623","tripadvisor_7432","0.9643471219549737"
"prinz_2755","tripadvisor_6627","0.9786620116426099"
"prinz_2019","tripadvisor_2158","1.0"
"prinz_2779","tripadvisor_5112","0.8798591560030566"
"prinz_9798","tripadvisor_6860","0.976508903884084"
"prinz_2911","tripadvisor_372","0.9940957163252413"
"prinz_6146","tripadvisor_727","0.8473678048587869"
"prinz_419","tripadvisor_6823","0.9270833333333333"
"prinz_2107","tripadvisor_1081","0.9941825381767296"
"prinz_9425","tripadvisor_8118","0.955331093239414"
"prinz_169","tripadvisor_6845","0.9948780793748703"
"prinz_1657","tripadvisor_3061","0.948356235653302"
"prinz_2384","tripadvisor_2378","0.9317287053017007"
"prinz_9730","tripadvisor_7488","0.8387784186541195"
"prinz_9122","tripadvisor_4388","0.9988616254490523"
"prinz_1705","tripadvisor_606","0.9680348755170304"
"prinz_780","tripadvisor_5204","0.9942278272234389"
"prinz_8307","tripadvisor_7695","0.8924614655703621"
"prinz_2096","tripadvisor_92","1.0"
"prinz_740","tripadvisor_6907","0.9767517181339435"
"prinz_677","tripadvisor_1233","0.9840051811840713"
"prinz_2971","tripadvisor_1184","0.9915460287647837"
"prinz_1203","tripadvisor_6950","0.9374300723548286"
"prinz_1964","tripadvisor_4238","0.9666398388965076"
"prinz_395","tripadvisor_6772","0.8508496842979727"
"prinz_1163","tripadvisor_7080","0.9141572341718573"
"prinz_748","tripadvisor_7033","0.8678231414348164"
"prinz_1454","tripadvisor_7132","0.9174379522802896"
"prinz_1685","tripadvisor_1207","0.9851129876783841"
"prinz_6200","tripadvisor_8064","0.9743589743589745"
"prinz_2022","tripadvisor_6198","0.9425833412362765"
"prinz_1353","tripadvisor_730","0.9831649865962272"
"prinz_9532","tripadvisor_3266","0.9258894917846878"
"prinz_1099","tripadvisor_206","0.9811674539366638"
"prinz_2298","tripadvisor_2650","1.0"
"prinz_757","tripadvisor_3355","0.9795808367660965"
"prinz_7195","tripadvisor_516","0.84714929853092"
"prinz_941","tripadvisor_6426","0.8933419125122649"
"prinz_2521","tripadvisor_7087","0.9751033940640974"
"prinz_2584","tripadvisor_6165","0.8588044552048787"
"prinz_704","tripadvisor_1027","0.9626904818897185"
"prinz_6044","tripadvisor_7531","0.9530544360778505"
"prinz_670","tripadvisor_534","0.9565367891105776"
"prinz_1137","tripadvisor_1836","0.9999999999979372"
"prinz_9594","tripadvisor_8020","0.8344792117271633"
"prinz_1565","tripadvisor_4879","0.840834285659243"
"prinz_2965","tripadvisor_6790","0.8959478044618288"
"prinz_471","tripadvisor_221","0.975686859601401"
"prinz_638","tripadvisor_243","0.9671078712602108"
"prinz_643","tripadvisor_453","0.9699545398177788"
"prinz_5595","tripadvisor_2241","0.999999999996071"
"prinz_591","tripadvisor_1192","0.9939148921148975"
"prinz_1421","tripadvisor_6479","0.9609017637280516"
"prinz_200","tripadvisor_5868","0.9782701965153406"
"prinz_7216","tripadvisor_1571","0.848895156113046"
"prinz_1582","tripadvisor_954","0.9916526628524627"
"prinz_1340","tripadvisor_4333","0.9128546986819019"
"prinz_902","tripadvisor_1056","1.0"
"prinz_6605","tripadvisor_7554","0.9221766971092977"
"prinz_940","tripadvisor_2020","0.990943558396876"
"prinz_2502","tripadvisor_303","0.8572006525059859"
"prinz_4188","tripadvisor_7442","0.9926880768438316"
"prinz_2933","tripadvisor_8146","0.9895216909632308"
"prinz_9474","tripadvisor_4077","0.8601425742609771"
"prinz_2715","tripadvisor_6917","0.8851765823403708"
"prinz_1352","tripadvisor_1565","0.8345227405143874"
"prinz_2305","tripadvisor_7216","1.0"
"prinz_168","tripadvisor_6272","0.93586831055065"
"prinz_2492","tripadvisor_1820","1.0"
"prinz_2477","tripadvisor_6880","0.8461930661274532"
"prinz_1816","tripadvisor_3077","0.8939393939393939"
"prinz_4657","tripadvisor_8039","1.0"
"prinz_1766","tripadvisor_5370","0.9992563242096156"
"prinz_392","tripadvisor_4746","0.9926141377602947"
"prinz_35","tripadvisor_386","0.9887377607424523"
"prinz_2801","tripadvisor_545","0.9370153182495473"
"prinz_343","tripadvisor_6120","0.9873889061273217"
"prinz_1011","tripadvisor_7240","0.8480502271153343"
"prinz_1350","tripadvisor_5681","0.9995441080688234"
"prinz_4256","tripadvisor_5193","0.8417316030588207"
"prinz_2420","tripadvisor_7454","1.0"
"prinz_6313","tripadvisor_7621","0.9851361674500051"
"prinz_990","tripadvisor_6104","0.8701934556247556"
"prinz_1363","tripadvisor_107","0.8638547983409939"
"prinz_604","tripadvisor_7284","0.8715264395506437"
"prinz_2912","tripadvisor_2758","0.8531789203639993"
"prinz_2260","tripadvisor_4294","0.8541610067194639"
"prinz_723","tripadvisor_7384","0.9916459648084159"
"prinz_680","tripadvisor_905","0.9652241287573544"
"prinz_587","tripadvisor_2404","0.9360230402823384"
"prinz_1397","tripadvisor_2586","0.9742721893446217"
"prinz_1298","tripadvisor_5997","0.9038461538461539"
"prinz_1437","tripadvisor_6630","0.9982467183971636"
"prinz_1207","tripadvisor_6689","0.9944905479296064"
"prinz_2140","tripadvisor_4616","1.0"
"prinz_635","tripadvisor_6140","0.9803546658801554"
"prinz_164","tripadvisor_6106","0.908604671910514"
"prinz_993","tripadvisor_1472","0.994392380601793"
"prinz_999","tripadvisor_7350","0.9318181818181819"
"prinz_1704","tripadvisor_6737","0.9640221869242422"
"prinz_2098","tripadvisor_5589","0.9858541768693161"
"prinz_2812","tripadvisor_7190","0.8904424493876443"
"prinz_526","tripadvisor_6137","0.8666666666666667"
"prinz_9516","tripadvisor_4288","0.9830333325524322"
"prinz_4052","tripadvisor_3288","0.9041155338904323"
"prinz_1114","tripadvisor_3334","0.994167485729008"
"prinz_424","tripadvisor_2297","0.9909883032596349"
"prinz_2519","tripadvisor_7957","1.0"
"prinz_2711","tripadvisor_7215","0.9882934253665038"
"prinz_2164","tripadvisor_4794","0.9999999999970532"
"prinz_1822","tripadvisor_6569","0.9666666666615589"
"prinz_2581","tripadvisor_7291","0.9716212234526341"
"prinz_2845","tripadvisor_2530","0.9898388342524567"
"prinz_3086","tripadvisor_2885","0.9367843820598537"
"prinz_9517","tripadvisor_455","0.9384069119574321"
"prinz_4440","tripadvisor_3079","0.9390825134906227"
"prinz_2357","tripadvisor_2207","0.9800511147287573"
"prinz_379","tripadvisor_578","0.9420463063461841"
"prinz_2995","tripadvisor_2248","0.9553748684622448"
"prinz_2638","tripadvisor_1972","0.956736143327328"
"prinz_8279","tripadvisor_7872","0.9169490784478808"
"prinz_272","tripadvisor_5843","0.9907872575595519"
"prinz_1331","tripadvisor_4861","0.8805328413126021"
"prinz_2053","tripadvisor_2082","0.9939858684853691"
"prinz_2798","tripadvisor_799","1.0"
"prinz_468","tripadvisor_445","0.9835103087539854"
"prinz_1563","tripadvisor_397","0.8733867439682571"
"prinz_641","tripadvisor_7267","0.8569177475597752"
"prinz_609","tripadvisor_5748","0.9828899919512182"
"prinz_1190","tripadvisor_7185","0.8640146193818212"
"prinz_3989","tripadvisor_6866","0.8374255090637871"
"prinz_3051","tripadvisor_5168","0.9773584709973782"
"prinz_1449","tripadvisor_2291","0.9978876781369589"
"prinz_2382","tripadvisor_6162","0.9090909090909091"
"prinz_1447","tripadvisor_386","0.85"
"prinz_2316","tripadvisor_248","0.9834396987090328"
"prinz_2588","tripadvisor_5839","0.9915078710142675"
"prinz_3836","tripadvisor_2149","0.969427253707283"
"prinz_363","tripadvisor_5019","0.929836102403307"
"prinz_1642","tripadvisor_880","0.9949620029312406"
"prinz_2355","tripadvisor_667","0.9913680382681677"
"prinz_7006","tripadvisor_8025","0.8624223044682834"
"prinz_2562","tripadvisor_6543","0.9879744494898561"
"prinz_2437","tripadvisor_2116","0.9938705638263128"
"prinz_4793","tripadvisor_7404","0.9763751255250094"
"prinz_2378","tripadvisor_6233","0.8422825280033575"
"prinz_4970","tripadvisor_640","0.8858373639048212"
"prinz_426","tripadvisor_1648","0.97367342220759"
"prinz_4693","tripadvisor_5530","0.9999999999983809"
"prinz_5086","tripadvisor_5368","0.8478106397357832"
"prinz_7105","tripadvisor_6451","0.8379708718007448"
"prinz_187","tripadvisor_4419","0.8807370101930947"
"prinz_1748","tripadvisor_1131","0.9333333333333332"
"prinz_5605","tripadvisor_7927","0.9659942195858912"
"prinz_1444","tripadvisor_6653","0.9969688594039097"
"prinz_2777","tripadvisor_6141","0.9405847437381409"
"prinz_1980","tripadvisor_295","0.9589154831899945"
"prinz_9801","tripadvisor_4607","0.9991724887424283"
"prinz_1752","tripadvisor_581","1.0"
"prinz_4228","tripadvisor_4220","0.9999999999985266"
"prinz_2619","tripadvisor_411","0.9731888240551586"
"prinz_2476","tripadvisor_2867","0.9090909090909091"
"prinz_2154","tripadvisor_6201","0.9848873712178814"
"prinz_9561","tripadvisor_6942","0.9567646706659224"
"prinz_1236","tripadvisor_532","1.0"
"prinz_4215","tripadvisor_1212","0.9021739130434783"
"prinz_337","tripadvisor_1116","0.994050015925632"
"prinz_1051","tripadvisor_4084","0.9017013659630839"
"prinz_4346","tripadvisor_6591","0.9583879766822727"
"prinz_3151","tripadvisor_2168","0.9792591125784821"
"prinz_4344","tripadvisor_390","0.9754285228481963"
"prinz_2075","tripadvisor_6764","0.8959249535144391"
"prinz_2132","tripadvisor_279","0.9935105514738968"
"prinz_1874","tripadvisor_5659","0.9433465807001218"
"prinz_2937","tripadvisor_738","0.9272129261409592"
"prinz_2782","tripadvisor_6015","1.0"
"prinz_2319","tripadvisor_704","1.0"
"prinz_3021","tripadvisor_3922","0.8622478712188009"
"prinz_684","tripadvisor_1275","0.8690799997513309"
"prinz_811","tripadvisor_7772","0.9375"
"prinz_268","tripadvisor_6913","0.9945453540237925"
"prinz_2286","tripadvisor_2502","1.0"
"prinz_2201","tripadvisor_2480","1.0"
"prinz_519","tripadvisor_6532","0.9915816631376381"
"prinz_2133","tripadvisor_2289","0.888154358303308"
"prinz_1100","tripadvisor_228","0.9829063406021732"
"prinz_9149","tripadvisor_5508","0.9664942085375073"
"prinz_578","tripadvisor_6765","0.9837862287453512"
"prinz_328","tripadvisor_4994","0.8571428571428571"
"prinz_3972","tripadvisor_1752","1.0"
"prinz_1291","tripadvisor_7358","0.9731336979662635"
"prinz_1663","tripadvisor_1138","0.9953802619799184"
"prinz_1921","tripadvisor_1085","0.8565000976260746"
"prinz_201","tripadvisor_522","0.9587484545799755"
"prinz_9325","tripadvisor_264","0.9499979668486481"
"prinz_1756","tripadvisor_3257","0.8389365377283561"
"prinz_466","tripadvisor_6502","0.9929051743117008"
"prinz_239","tripadvisor_1762","0.8677005500748638"
"prinz_944","tripadvisor_6338","0.924643136355621"
"prinz_446","tripadvisor_6107","0.9888207286176445"
"prinz_249","tripadvisor_750","0.8506660235731602"
"prinz_628","tripadvisor_2805","0.8496284386427899"
"prinz_1116","tripadvisor_5943","0.9811882781469282"
"prinz_1193","tripadvisor_450","0.8845759799985498"
"prinz_2568","tripadvisor_1403","0.9964236820445627"
"prinz_4589","tripadvisor_8037","0.8607446337262431"
"prinz_2172","tripadvisor_2209","0.9963835087008361"
"prinz_467","tripadvisor_6948","0.841148704980517"
"prinz_2182","tripadvisor_5877","0.9186647977196367"
"prinz_1387","tripadvisor_6459","0.991652760218922"
"prinz_1530","tripadvisor_1015","0.9792391885940714"
"prinz_183","tripadvisor_6076","0.8560028817699581"
"prinz_9755","tripadvisor_6212","0.9934057307443973"
"prinz_799","tripadvisor_224","0.9957452389793453"
"prinz_2174","tripadvisor_4960","0.9944646285731816"
"prinz_186","tripadvisor_6122","0.8490925043152058"
"prinz_9749","tripadvisor_1025","0.9127077028927625"
"prinz_7936","tripadvisor_7704","1.0"
"prinz_3376","tripadvisor_6566","0.8809230167840982"
"prinz_1481","tripadvisor_5620","0.9117647058823529"
"prinz_6431","tripadvisor_8029","0.9718052486162995"
"prinz_1245","tripadvisor_4317","1.0"
"prinz_2519","tripadvisor_6321","0.9166666666666667"
"prinz_2713","tripadvisor_6830","0.909492893390822"
"prinz_1247","tripadvisor_593","1.0"
"prinz_9712","tripadvisor_7072","0.9055423732294816"
"prinz_1634","tripadvisor_6933","1.0"
"prinz_9120","tripadvisor_6715","0.9642299699955184"
"prinz_4447","tripadvisor_7679","0.9382716049382717"
"prinz_659","tripadvisor_7210","0.9861332001243225"
"prinz_1696","tripadvisor_4555","0.9466673884094519"
"prinz_2924","tripadvisor_8118","0.8826914121190228"
"prinz_2230","tripadvisor_2368","0.8758417249287082"
"prinz_327","tripadvisor_6351","1.0"
"prinz_6173","tripadvisor_8106","0.9722222222222222"
"prinz_2381","tripadvisor_7031","0.9848715286035047"
"prinz_2129","tripadvisor_1434","0.9999999999979372"
"prinz_640","tripadvisor_6844","0.8688603233944181"
"prinz_4657","tripadvisor_2237","0.9876398398437192"
"prinz_1787","tripadvisor_332","0.8922030577513756"
"prinz_7005","tripadvisor_3296","0.8651082154263078"
"prinz_624","tripadvisor_505","0.9638172171951727"
"prinz_5690","tripadvisor_7617","0.9654901737931785"
"prinz_6680","tripadvisor_7710","0.888888888888889"
"prinz_166","tripadvisor_2287","0.9772893362617391"
"prinz_4393","tripadvisor_555","0.856728017233542"
"prinz_1699","tripadvisor_5760","0.9944009865589367"
"prinz_3138","tripadvisor_7177","1.0"
"prinz_2204","tripadvisor_2868","0.9056173912440426"
"prinz_9751","tripadvisor_6683","0.9907031764577721"
"prinz_1679","tripadvisor_4451","1.0"
"prinz_2239","tripadvisor_1254","0.9947758503105331"
"prinz_1745","tripadvisor_3535","0.8676470588235294"
"prinz_1166","tripadvisor_7363","0.9833546005669583"
"prinz_606","tripadvisor_314","0.9414184605540701"
"prinz_9520","tripadvisor_7086","0.9798500936024777"
"prinz_2215","tripadvisor_4521","0.8436711701067042"
"prinz_5042","tripadvisor_6922","0.8838727385602194"
"prinz_2183","tripadvisor_5931","0.9351886347943205"
"prinz_1135","tripadvisor_3258","0.8350449162860626"
"prinz_1042","tripadvisor_6704","0.9084363746542286"
"prinz_4659","tripadvisor_5277","0.8939393939393939"
"prinz_646","tripadvisor_918","0.8671328671328671"
"prinz_6825","tripadvisor_360","0.8919322615040667"
"prinz_2004","tripadvisor_392","0.9458949883287486"
"prinz_5428","tripadvisor_690","0.8926787966274118"
"prinz_1757","tripadvisor_3525","0.9800260891018606"
"prinz_1805","tripadvisor_5070","0.9626333183178393"
"prinz_1844","tripadvisor_7444","1.0"
"prinz_9426","tripadvisor_7640","0.9719274960065324"
"prinz_2037","tripadvisor_4323","1.0"
"prinz_556","tripadvisor_3744","0.9868967199443119"
"prinz_483","tripadvisor_1333","0.8495785296280258"
"prinz_2958","tripadvisor_5120","0.9924445471635592"
"prinz_2853","tripadvisor_497","0.9043845741208961"
"prinz_6215","tripadvisor_8114","0.9539522526824108"
"prinz_577","tripadvisor_585","0.9718633146245033"
"prinz_9510","tripadvisor_7493","1.0"
"prinz_2481","tripadvisor_5908","0.8929785912864897"
"prinz_553","tripadvisor_464","0.9852274561006857"
"prinz_2536","tripadvisor_7066","0.86717799269834"
"prinz_4063","tripadvisor_8131","0.8796605012614985"
"prinz_841","tripadvisor_792","0.9801846182272447"
"prinz_2898","tripadvisor_2545","0.9751779072138045"
"prinz_1974","tripadvisor_7692","0.8385920445175605"
"prinz_2369","tripadvisor_7208","0.9930899722934365"
"prinz_9605","tripadvisor_7465","0.9943982682467136"
"prinz_5375","tripadvisor_349","0.906954028709379"
"prinz_4271","tripadvisor_7154","0.8778799910324835"
"prinz_3992","tripadvisor_5965","0.9582784461181947"
"prinz_1511","tripadvisor_3005","1.0"
"prinz_2608","tripadvisor_583","0.9753314179139916"
"prinz_576","tripadvisor_7287","0.9531330667826042"
"prinz_4650","tripadvisor_843","0.8722041236587044"
"prinz_6531","tripadvisor_7630","0.903844013450402"
"prinz_2227","tripadvisor_6467","0.8771702745512548"
"prinz_2278","tripadvisor_346","0.9557933598324808"
"prinz_486","tripadvisor_5187","1.0"
"prinz_10001","tripadvisor_5166","0.984851413871451"
"prinz_317","tripadvisor_352","0.9769643231210325"
"prinz_1033","tripadvisor_183","0.9669756072493569"
"prinz_4358","tripadvisor_5464","0.9448880487388487"
"prinz_118","tripadvisor_707","0.9112091878546376"
"prinz_4329","tripadvisor_7139","0.875"
"prinz_9646","tripadvisor_2247","0.9759083524494332"
"prinz_6011","tripadvisor_7534","0.8985507246376812"
"prinz_3171","tripadvisor_1351","0.9767170220704877"
"prinz_6827","tripadvisor_7232","0.8438337879346992"
"prinz_1366","tripadvisor_4915","0.9986484381178281"
"prinz_9624","tripadvisor_7217","0.9947657016236261"
"prinz_2557","tripadvisor_6978","0.9685498965532306"
"prinz_9622","tripadvisor_6746","0.931481164737003"
"prinz_3067","tripadvisor_5379","0.999999999996071"
"prinz_6030","tripadvisor_199","0.92198782061108"
"prinz_2458","tripadvisor_407","0.9129875379739648"
"prinz_655","tripadvisor_277","0.9631076669456518"
"prinz_6957","tripadvisor_143","0.8539244996688332"
"prinz_2676","tripadvisor_4601","0.9460961345384951"
"prinz_2988","tripadvisor_6688","0.9454123005621966"
"prinz_5017","tripadvisor_2811","0.8556923653418991"
"prinz_708","tripadvisor_6335","0.9750848744093894"
"prinz_2931","tripadvisor_3227","0.9835372868002634"
"prinz_1501","tripadvisor_2790","0.9760643977246795"
"prinz_491","tripadvisor_6557","0.8880121606044994"
"prinz_6153","tripadvisor_7533","0.9519122481634255"
"prinz_1334","tripadvisor_6938","0.8882515525430745"
"prinz_209","tripadvisor_7209","0.9820214268588967"
"prinz_2455","tripadvisor_181","0.9625704592218405"
"prinz_5100","tripadvisor_8044","0.8599086148490745"
"prinz_1223","tripadvisor_4426","0.9290409303660898"
"prinz_7495","tripadvisor_7125","0.8853736110478307"
"prinz_328","tripadvisor_7495","0.8461538461538461"
"prinz_1744","tripadvisor_6372","0.875"
"prinz_6127","tripadvisor_2322","0.9008185639611827"
"prinz_6364","tripadvisor_7596","0.8620308629539499"
"prinz_2314","tripadvisor_5990","0.9999999999970532"
"prinz_2951","tripadvisor_5413","0.9999999999976426"
"prinz_2212","tripadvisor_8142","0.9394280551015979"
"prinz_2322","tripadvisor_2219","1.0"
"prinz_1888","tripadvisor_2882","0.9910040044588301"
"prinz_782","tripadvisor_5749","0.8776888941270978"
"prinz_2206","tripadvisor_3022","0.8863636363636364"
"prinz_289","tripadvisor_1385","0.947982722558813"
"prinz_7941","tripadvisor_7498","0.9687992753717861"
"prinz_6452","tripadvisor_8090","0.8698232604806364"
"prinz_2054","tripadvisor_2216","0.9494526215924166"
"prinz_4135","tripadvisor_6491","0.9800287891772682"
"prinz_2603","tripadvisor_2927","0.9209556493686328"
"prinz_182","tripadvisor_410","0.992756059331714"
"prinz_858","tripadvisor_5734","0.9728697768821708"
"prinz_580","tripadvisor_5197","0.9847231821276141"
"prinz_6488","tripadvisor_7529","0.8925260390788955"
"prinz_9640","tripadvisor_368","0.8398917062647447"
"prinz_822","tripadvisor_420","0.9579925315810518"
"prinz_2868","tripadvisor_8131","0.9989496389243486"
"prinz_1071","tripadvisor_4488","0.991510115893469"
"prinz_2565","tripadvisor_204","0.9837517305248359"
"prinz_255","tripadvisor_4465","0.949105553817275"
"prinz_4780","tripadvisor_4556","0.8342882779777152"
"prinz_2433","tripadvisor_1167","1.0"
"prinz_9976","tripadvisor_1","0.8833333333333333"
"prinz_1017","tripadvisor_663","0.9115703228465278"
"prinz_1155","tripadvisor_460","0.9214285714285715"
"prinz_4399","tripadvisor_893","1.0"
"prinz_234","tripadvisor_6875","0.8351848994565338"
"prinz_1920","tripadvisor_1085","0.9270033557075502"
"prinz_351","tripadvisor_402","0.8346331624574617"
"prinz_4763","tripadvisor_6801","0.9498818389988619"
"prinz_1732","tripadvisor_3275","0.9766819515067382"
"prinz_1560","tripadvisor_501","0.9871945663161964"
"prinz_1806","tripadvisor_1073","0.8958333333333333"
"prinz_9800","tripadvisor_6075","0.8910735367431915"
"prinz_1866","tripadvisor_7351","0.8571428571397138"
"prinz_7148","tripadvisor_3972","0.9166666666666666"
"prinz_1504","tripadvisor_301","0.8975572129127222"
"prinz_5012","tripadvisor_194","0.9935673669433716"
"prinz_2546","tripadvisor_4949","0.9150536217771584"
"prinz_877","tripadvisor_6661","0.9924324181872168"
"prinz_5108","tripadvisor_7599","0.9835123742745019"
"prinz_4854","tripadvisor_5615","0.9502393229844318"
"prinz_1520","tripadvisor_5180","1.0"
"prinz_9560","tripadvisor_202","0.87846259325467"
"prinz_2992","tripadvisor_3144","0.96"
"prinz_1881","tripadvisor_3111","0.9464285714285714"
"prinz_1144","tripadvisor_5837","1.0"
"prinz_1348","tripadvisor_7187","0.8376547250709747"
"prinz_3016","tripadvisor_1029","0.9121444767743728"
"prinz_1629","tripadvisor_6197","0.9777777777777779"
"prinz_345","tripadvisor_6821","0.8679911105876312"
"prinz_6517","tripadvisor_7590","0.944469070828332"
"prinz_2710","tripadvisor_7251","0.9541280271171954"
"prinz_721","tripadvisor_7198","0.8755243168569432"
"prinz_2418","tripadvisor_5741","0.9083333333333333"
"prinz_9113","tripadvisor_6689","0.9271995468763269"
"prinz_2543","tripadvisor_2078","0.8611111111111112"
"prinz_2894","tripadvisor_6448","0.8617311558342142"
"prinz_2251","tripadvisor_7113","0.9953337847091088"
"prinz_958","tripadvisor_6302","0.965583055722158"
"prinz_4025","tripadvisor_5766","0.8830182413100588"
"prinz_2082","tripadvisor_6951","1.0"
"prinz_2689","tripadvisor_7385","0.9728641367038733"
"prinz_2226","tripadvisor_6354","1.0"
"prinz_3116","tripadvisor_2369","0.9363903809311771"
"prinz_7088","tripadvisor_5743","0.9927808353236082"
"prinz_2570","tripadvisor_6496","0.9465120771179607"
"prinz_4908","tripadvisor_4803","0.9668611148060543"
"prinz_2969","tripadvisor_1139","0.997962358007341"
"prinz_2547","tripadvisor_864","0.8806728635092824"
"prinz_2659","tripadvisor_786","0.9722222222222222"
"prinz_2794","tripadvisor_6125","0.9258610303563014"
"prinz_1347","tripadvisor_2787","0.9038461538461539"
"prinz_1509","tripadvisor_4727","0.8390355793232369"
"prinz_9647","tripadvisor_1117","0.9999999999968567"
"prinz_2558","tripadvisor_4570","0.969008383573359"
"prinz_1083","tripadvisor_6943","0.9542720338021669"
"prinz_8630","tripadvisor_7549","0.8419758304824336"
"prinz_4288","tripadvisor_1054","0.968431705085685"
"prinz_603","tripadvisor_7152","0.994982597522906"
"prinz_5245","tripadvisor_1373","0.9916800866503814"
"prinz_2864","tripadvisor_4329","0.8380525843672896"
"prinz_1112","tripadvisor_3417","0.9442144738976517"
"prinz_2165","tripadvisor_430","0.9211974327883105"
"prinz_2687","tripadvisor_3350","0.9935634988149444"
"prinz_1362","tripadvisor_7651","0.8660725690461204"
"prinz_1139","tripadvisor_223","0.9746692216035865"
"prinz_3088","tripadvisor_293","0.9947560813687797"
"prinz_586","tripadvisor_6870","0.9936758795625491"
"prinz_2955","tripadvisor_354","0.9642857142841853"
"prinz_9627","tripadvisor_4968","0.8820443320727429"
"prinz_4678","tripadvisor_3972","0.9423076923076923"
"prinz_5021","tripadvisor_3240","0.9648192453776758"
"prinz_2813","tripadvisor_1473","0.8351117632064147"
"prinz_257","tripadvisor_4767","0.8428374254015647"
"prinz_2161","tripadvisor_6323","0.9999999999968567"
"prinz_3877","tripadvisor_4615","0.9586203625878335"
"prinz_689","tripadvisor_1685","0.9836817820088299"
"prinz_9583","tripadvisor_7727","0.8393210037982"
"prinz_282","tripadvisor_6763","0.9229946703147514"
"prinz_1216","tripadvisor_4854","0.8503570241015499"
"prinz_8215","tripadvisor_8020","0.9542895814114791"
"prinz_9497","tripadvisor_7600","0.9438985523719602"
"prinz_2055","tripadvisor_6565","0.9439761831775384"
"prinz_1309","tripadvisor_4201","0.8430240808046193"
"prinz_599","tripadvisor_2884","0.8959846352867338"
"prinz_1292","tripadvisor_7123","0.8801996013559299"
"prinz_2939","tripadvisor_517","1.0"
"prinz_2149","tripadvisor_575","1.0"
"prinz_2343","tripadvisor_179","1.0"
"prinz_9602","tripadvisor_8105","0.9868516235462086"
"prinz_465","tripadvisor_7206","0.9947311512590488"
"prinz_4011","tripadvisor_2527","0.8925656035163768"
"prinz_4853","tripadvisor_451","0.8998733573394768"
"prinz_2034","tripadvisor_847","0.9687546470848789"
"prinz_189","tripadvisor_4439","0.8912320439609603"
"prinz_6157","tripadvisor_7477","0.9198636707853586"
"prinz_1939","tripadvisor_103","0.9423180933261266"
"prinz_6888","tripadvisor_7213","0.9411764705882353"
"prinz_62","tripadvisor_4264","0.9839244311054561"
"prinz_5015","tripadvisor_2037","0.9619353941134431"
"prinz_6359","tripadvisor_2500","0.9826154470656916"
"prinz_1643","tripadvisor_7354","0.8349358974358975"
"prinz_850","tripadvisor_3244","0.9999603086529015"
"prinz_352","tripadvisor_870","0.9764611620282431"
"prinz_1675","tripadvisor_3819","0.9881391499108054"
"prinz_1674","tripadvisor_2932","0.954757600609346"
"prinz_9131","tripadvisor_90","0.9642857142857143"
"prinz_2607","tripadvisor_5612","0.9914182158198965"
"prinz_2785","tripadvisor_4605","0.8368160356868617"
"prinz_2746","tripadvisor_4237","0.9668199764157599"
"prinz_1896","tripadvisor_133","0.876797147699283"
"prinz_2978","tripadvisor_5920","0.8493962136789324"
"prinz_8689","tripadvisor_7873","0.93484438131351"
"prinz_901","tripadvisor_444","1.0"
"prinz_3585","tripadvisor_1616","0.8651024429638979"
"prinz_1796","tripadvisor_754","0.9130349361039781"
"prinz_2576","tripadvisor_6700","0.9850924587957383"
"prinz_7018","tripadvisor_927","0.9967019274541851"
"prinz_2018","tripadvisor_7349","0.9946940131747127"
"prinz_2142","tripadvisor_2775","0.9741340299247574"
"prinz_1749","tripadvisor_7049","0.9742626891362035"
"prinz_1045","tripadvisor_936","1.0"
"prinz_1680","tripadvisor_3584","0.9273625607011158"
"prinz_728","tripadvisor_4517","0.9745019521360894"
"prinz_4874","tripadvisor_1146","0.9629418684778326"
"prinz_5931","tripadvisor_1134","0.875"
"prinz_2797","tripadvisor_7323","0.9855597053600752"
"prinz_1126","tripadvisor_2886","0.9799212970523841"
"prinz_9565","tripadvisor_7416","0.9423829672946786"
"prinz_3009","tripadvisor_2315","0.8636101701742833"
"prinz_625","tripadvisor_6726","0.930593312013261"
"prinz_3022","tripadvisor_7272","0.959311207407194"
"prinz_2851","tripadvisor_6581","0.8651114036370693"
"prinz_2808","tripadvisor_6331","0.9860462431186885"
"prinz_1968","tripadvisor_6430","0.9854973142497772"
"prinz_8340","tripadvisor_808","0.9514240376297206"
"prinz_2702","tripadvisor_833","0.9922741991865126"
"prinz_2836","tripadvisor_93","1.0"
"prinz_1188","tripadvisor_480","0.9990101558704736"
"prinz_264","tripadvisor_6238","0.9989584377635188"
"prinz_2282","tripadvisor_1058","0.8881779538676648"
"prinz_1044","tripadvisor_6798","0.9998978393731248"
"prinz_4834","tripadvisor_6994","0.9725428337439691"
"prinz_2680","tripadvisor_6862","1.0"
"prinz_3990","tripadvisor_6915","0.8631983291166532"
"prinz_9736","tripadvisor_5626","0.8376623376623377"
"prinz_4855","tripadvisor_6489","0.9563800734048213"
"prinz_1934","tripadvisor_555","0.9816672723943054"
"prinz_2805","tripadvisor_3322","0.9765125275986386"
"prinz_230","tripadvisor_6227","0.9618960787444869"
"prinz_2635","tripadvisor_116","0.9533022458373165"
"prinz_7096","tripadvisor_7997","0.9752959384039724"
"prinz_6605","tripadvisor_6550","0.9416325228319733"
"prinz_1235","tripadvisor_4399","0.9456765478321933"
"prinz_671","tripadvisor_699","0.9864794737373914"
"prinz_2804","tripadvisor_2496","0.9904587556534135"
"prinz_2757","tripadvisor_5270","0.990981315910991"
"prinz_1539","tripadvisor_1631","0.9582251864845951"
"prinz_4386","tripadvisor_4366","0.9808507039668443"
"prinz_3318","tripadvisor_6843","0.8461538461538461"
"prinz_9799","tripadvisor_23","0.9759480418851746"
"prinz_2379","tripadvisor_6786","0.9846742364035366"
"prinz_1837","tripadvisor_2395","1.0"
"prinz_5022","tripadvisor_605","0.974322089448768"
"prinz_1277","tripadvisor_7116","0.869873795850224"
"prinz_2959","tripadvisor_5611","1.0"
"prinz_339","tripadvisor_6350","0.8416214658535052"
"prinz_4669","tripadvisor_7214","0.9903651439898937"
"prinz_430","tripadvisor_175","0.9739920506330904"
"prinz_1102","tripadvisor_728","0.9809011863799335"
"prinz_509","tripadvisor_6410","0.9869386295723219"
"prinz_4857","tripadvisor_3237","0.975694858575082"
"prinz_5300","tripadvisor_7402","1.0"
"prinz_2309","tripadvisor_1903","0.9171072668622816"
"prinz_239","tripadvisor_6006","0.853811661185975"
"prinz_1923","tripadvisor_4542","0.8473065232622602"
"prinz_5077","tripadvisor_7608","0.9838500635944466"
"prinz_9780","tripadvisor_7359","0.9305110164807937"
"prinz_1717","tripadvisor_812","0.9727512303876391"
"prinz_4926","tripadvisor_8144","0.9739429055992512"
"prinz_3023","tripadvisor_3135","0.8750336425877178"
"prinz_2836","tripadvisor_6973","1.0"
"prinz_2580","tripadvisor_6493","0.969927094961376"
"prinz_2855","tripadvisor_1164","0.8483775375139132"
"prinz_765","tripadvisor_267","0.958680631532052"
"prinz_332","tripadvisor_797","0.9758260250575608"
"prinz_1097","tripadvisor_7025","0.9944280322163461"
"prinz_1152","tripadvisor_6369","0.9827764098621465"
"prinz_6176","tripadvisor_8061","0.9898687140639005"
"prinz_2454","tripadvisor_5706","0.8860827786568187"
"prinz_1420","tripadvisor_2194","0.9903266763325386"
"prinz_2211","tripadvisor_6811","0.9818211042658062"
"prinz_254","tripadvisor_2840","0.991340970039716"
"prinz_7665","tripadvisor_1795","0.983230555931712"
"prinz_4326","tripadvisor_470","0.9042399752148177"
"prinz_1669","tripadvisor_7441","0.9291072604002103"
"prinz_1545","tripadvisor_6857","0.9861742665541429"
"prinz_4742","tripadvisor_5928","0.9536006610564617"
"prinz_195","tripadvisor_5573","0.8563260676317122"
"prinz_1546","tripadvisor_5904","0.9694760863983799"
"prinz_2582","tripadvisor_6335","0.8431175854160624"
"prinz_8945","tripadvisor_7523","0.8558029191951041"
"prinz_855","tripadvisor_7378","0.9487826740106802"
"prinz_2499","tripadvisor_6850","0.9469033068582831"
"prinz_1164","tripadvisor_3103","0.9211344926769662"
"prinz_2979","tripadvisor_6447","0.9904276248393387"
"prinz_4222","tripadvisor_2974","0.8468015501572413"
"prinz_1195","tripadvisor_7283","0.9220459179933473"
"prinz_3020","tripadvisor_2421","0.9950524844713213"
"prinz_356","tripadvisor_203","1.0"
"prinz_9870","tripadvisor_5646","0.9920353498388981"
"prinz_1483","tripadvisor_1271","0.8602166311564435"
"prinz_2553","tripadvisor_6145","0.9927308104326669"
"prinz_453","tripadvisor_7062","0.9871040470078908"
"prinz_463","tripadvisor_367","0.9910801457945715"
"prinz_1258","tripadvisor_5059","0.9117647058823529"
"prinz_1018","tripadvisor_4964","0.9357587497371749"
"prinz_226","tripadvisor_679","0.8926692354261557"
"prinz_5389","tripadvisor_8143","0.9642800584217825"
"prinz_2367","tripadvisor_5269","0.8461538461538461"
"prinz_1585","tripadvisor_6513","0.8899880939095518"
"prinz_620","tripadvisor_2809","0.8702722895644529"
"prinz_854","tripadvisor_553","0.9796914950201148"
"prinz_4762","tripadvisor_519","0.9909238536936266"
"prinz_448","tripadvisor_6455","0.9922820667831823"
"prinz_522","tripadvisor_2358","0.9641214695504194"
"prinz_4079","tripadvisor_1068","0.9684830994060509"
"prinz_2268","tripadvisor_702","0.9241686812380283"
"prinz_2178","tripadvisor_748","1.0"
"prinz_1684","tripadvisor_5429","0.9849617543566587"
"prinz_2403","tripadvisor_2189","0.9792475785675028"
"prinz_3956","tripadvisor_2859","0.87233218933658"
"prinz_1683","tripadvisor_6660","0.9710095123059713"
"prinz_1490","tripadvisor_6914","0.9340146359212571"
"prinz_1986","tripadvisor_3814","0.9134234406213317"
"prinz_2100","tripadvisor_656","0.9166791542402939"
"prinz_341","tripadvisor_377","0.9834733151749905"
"prinz_5019","tripadvisor_1051","0.9296787970372071"
"prinz_2795","tripadvisor_6991","0.9821428571428572"
"prinz_2441","tripadvisor_5419","0.9838777921666105"
"prinz_1733","tripadvisor_4472","0.892978747749816"
"prinz_2210","tripadvisor_1665","0.9539362681205589"
"prinz_9626","tripadvisor_7469","0.9878300996352407"
"prinz_9597","tripadvisor_7865","0.978567596343559"
"prinz_9750","tripadvisor_4387","0.9643956398359315"
"prinz_9559","tripadvisor_868","0.9803616826142957"
"prinz_8126","tripadvisor_2406","0.9339894904756416"
"prinz_2071","tripadvisor_1182","0.9682276643421494"
"prinz_8178","tripadvisor_2974","0.8429293690353351"
"prinz_1553","tripadvisor_6587","0.8572096707493962"
"prinz_805","tripadvisor_526","0.9848251516226728"
"prinz_4997","tripadvisor_7136","0.9183727787520263"
"prinz_7919","tripadvisor_3491","0.842868326634275"
"prinz_2056","tripadvisor_71","0.8645285447197394"
"prinz_693","tripadvisor_4321","0.8446241279372562"
"prinz_4274","tripadvisor_6882","0.9926291866139221"
"prinz_2143","tripadvisor_4342","0.892117850408501"
"prinz_2882","tripadvisor_1366","0.9563808039169909"
"prinz_2351","tripadvisor_5152","0.9696969696969697"
"prinz_4839","tripadvisor_745","0.9772727272727273"
"prinz_2876","tripadvisor_2070","0.9418564063294925"
"prinz_9643","tripadvisor_7369","0.9907744307203306"
"prinz_271","tripadvisor_7030","0.9869271548875389"
"prinz_842","tripadvisor_4518","0.9740222513484744"
"prinz_225","tripadvisor_334","0.8365384615384616"
"prinz_7058","tripadvisor_7821","0.9450255252903986"
"prinz_2050","tripadvisor_5906","0.9959066851948285"
"prinz_8219","tripadvisor_8103","0.8643894707526188"
"prinz_321","tripadvisor_6458","0.8771309639797568"
"prinz_5077","tripadvisor_5554","0.9265232086026519"
"prinz_2478","tripadvisor_6692","0.971162776441846"
"prinz_302","tripadvisor_6968","0.8358009676974445"
"prinz_521","tripadvisor_230","0.8380151230570134"
"prinz_608","tripadvisor_6705","0.9856370568237921"
"prinz_1136","tripadvisor_1836","0.8529411764685254"
"prinz_2419","tripadvisor_7118","0.9690438629208441"
"prinz_3035","tripadvisor_330","0.9955422087630177"
"prinz_409","tripadvisor_6559","0.9267676767676767"
"prinz_314","tripadvisor_611","0.9999999999970532"
"prinz_4","tripadvisor_4151","0.8541666666666666"
"prinz_1312","tripadvisor_2149","0.9572546967309269"
"prinz_483","tripadvisor_5076","0.9846232246892196"
"prinz_3033","tripadvisor_6919","0.9734093955986889"
"prinz_2627","tripadvisor_6364","0.9905387724935741"
"prinz_1123","tripadvisor_6748","0.8529064864653284"
"prinz_192","tripadvisor_308","0.9857107376313593"
"prinz_299","tripadvisor_1609","0.9921477189719465"
"prinz_9802","tripadvisor_6542","0.86"
"prinz_4670","tripadvisor_7200","0.9067003541386174"
"prinz_1016","tripadvisor_7158","0.9874289022346541"
"prinz_7115","tripadvisor_2367","1.0"
"prinz_61","tripadvisor_3763","0.8459072830434501"
"prinz_3187","tripadvisor_6056","0.979380026864253"
"prinz_2644","tripadvisor_5040","0.9384987007628665"
"prinz_1743","tripadvisor_6619","0.9037180229941023"
"prinz_2596","tripadvisor_6680","0.9933242399350897"
"prinz_334","tripadvisor_977","0.9883046544695856"
"prinz_167","tripadvisor_906","0.9646519246310519"
"prinz_2256","tripadvisor_1737","0.990133985156931"
"prinz_2599","tripadvisor_6676","1.0"
"prinz_4930","tripadvisor_254","0.9966012410589438"
"prinz_452","tripadvisor_220","0.9823697774104291"
"prinz_1475","tripadvisor_6762","0.9213999770735148"
"prinz_2205","tripadvisor_6800","0.8687533776219019"
"prinz_5037","tripadvisor_7362","0.899485412810503"
"prinz_1012","tripadvisor_7313","0.8825958127554597"
"prinz_6175","tripadvisor_5031","0.9342743034419649"
"prinz_707","tripadvisor_6957","0.91666666666372"
"prinz_1819","tripadvisor_866","0.929830561919364"
"prinz_9659","tripadvisor_5520","1.0"
"prinz_2981","tripadvisor_3217","0.8367265963406719"
"prinz_2431","tripadvisor_5083","0.9856733585885231"
"prinz_2287","tripadvisor_2946","0.9802915413599088"
"prinz_724","tripadvisor_4319","0.9842360578599189"
"prinz_561","tripadvisor_6682","0.9889253025581265"
"prinz_1138","tripadvisor_192","1.0"
"prinz_305","tripadvisor_3536","0.999999999996071"
"prinz_2634","tripadvisor_7315","0.9566594610028123"
"prinz_454","tripadvisor_869","0.8909988149738433"
"prinz_783","tripadvisor_630","0.9862173639957239"
"prinz_1148","tripadvisor_778","0.9807692307692308"
"prinz_1730","tripadvisor_3283","0.9503968253968255"
"prinz_2802","tripadvisor_512","0.9603855657128454"
"prinz_111","tripadvisor_6981","0.984444528419581"
"prinz_5181","tripadvisor_8091","0.969549293603939"
"prinz_850","tripadvisor_4359","0.8787481874407804"
"prinz_6171","tripadvisor_7492","0.9638957677054734"
"prinz_5036","tripadvisor_1690","0.9541272489653367"
"prinz_2336","tripadvisor_5157","1.0"
"prinz_1009","tripadvisor_6668","0.9172617727821161"
"prinz_2046","tripadvisor_2801","1.0"
"prinz_2283","tripadvisor_2163","1.0"
"prinz_1785","tripadvisor_320","1.0"
"prinz_2241","tripadvisor_665","0.9812914246037583"
"prinz_1905","tripadvisor_4","0.9197939901394407"
"prinz_165","tripadvisor_6886","0.9705108110581447"
"prinz_2432","tripadvisor_5164","0.9771185133203975"
"prinz_923","tripadvisor_257","0.9360178660725145"
"prinz_525","tripadvisor_6579","0.8449732788777871"
"prinz_1789","tripadvisor_6168","0.9965677433648684"
"prinz_9803","tripadvisor_5072","0.9291954614248141"
"prinz_2621","tripadvisor_7220","0.9688993547010815"
"prinz_2888","tripadvisor_5268","0.8585812365508467"
"prinz_4907","tripadvisor_6399","0.9791383208599617"
"prinz_2833","tripadvisor_8138","0.8451840766201176"
"prinz_2244","tripadvisor_3954","0.8888888888888888"
"prinz_1946","tripadvisor_3339","0.9734714481171066"
"prinz_2056","tripadvisor_6666","0.8888888888888888"
"prinz_2989","tripadvisor_1113","0.9956589300619847"
"prinz_407","tripadvisor_6819","0.9867036246741316"
"prinz_250","tripadvisor_7413","0.9706697373343979"
"prinz_2374","tripadvisor_6769","1.0"
"prinz_755","tripadvisor_6284","1.0"
"prinz_9960","tripadvisor_2749","0.9642857142827675"
"prinz_1468","tripadvisor_6585","0.9218472255631948"
"prinz_559","tripadvisor_6910","0.993666624270405"
"prinz_892","tripadvisor_411","0.9625636115726807"
"prinz_6516","tripadvisor_7481","0.8690016818266124"
"prinz_6173","tripadvisor_6557","0.875"
"prinz_285","tripadvisor_7262","0.9840618826880106"
"prinz_774","tripadvisor_2555","0.9279562486931399"
"prinz_1156","tripadvisor_6093","0.9189189189159721"
"prinz_1049","tripadvisor_6873","0.9777107547420285"
"prinz_626","tripadvisor_4113","0.9101788685089552"
"prinz_4149","tripadvisor_5209","0.9432621683349657"
"prinz_2396","tripadvisor_4818","0.962492781422581"
"prinz_1505","tripadvisor_7038","0.8927955646966991"
"prinz_2611","tripadvisor_6784","0.875"
"prinz_2540","tripadvisor_1563","0.9712893404488782"
"prinz_1865","tripadvisor_815","0.9413546379812695"
"prinz_471","tripadvisor_5296","0.944436859601401"
"prinz_2784","tripadvisor_5860","0.9843227999168063"
"prinz_662","tripadvisor_2471","1.0"
"prinz_4764","tripadvisor_236","0.8749999999973479"
"prinz_4835","tripadvisor_7004","0.961345180509366"
"prinz_656","tripadvisor_2874","0.9257990348993983"
"prinz_174","tripadvisor_5567","0.984805124297333"
"prinz_2395","tripadvisor_7382","0.9780670749018838"
"prinz_2814","tripadvisor_2931","0.9741918129331637"
"prinz_4331","tripadvisor_6841","0.9842916405207298"
"prinz_1817","tripadvisor_4138","1.0"
"prinz_593","tripadvisor_4891","0.9813318711023946"
"prinz_9782","tripadvisor_7390","0.8968140866560711"
"prinz_811","tripadvisor_4880","0.9555555555555556"
"prinz_612","tripadvisor_5804","0.9606035775752627"
"prinz_4194","tripadvisor_1952","0.9275240475408226"
"prinz_1576","tripadvisor_6475","0.978212397563542"
"prinz_1728","tripadvisor_7201","0.8600897439950049"
"prinz_9513","tripadvisor_6671","0.8982823530562121"
"prinz_844","tripadvisor_2123","0.9916219484182925"
"prinz_9748","tripadvisor_7137","0.9101625214002294"
"prinz_2265","tripadvisor_2193","0.8440332976495205"
"prinz_1549","tripadvisor_6861","0.8758020202282013"
"prinz_4971","tripadvisor_1191","0.8418300990918365"
"prinz_9619","tripadvisor_255","0.9771488820840256"
"prinz_1080","tripadvisor_6572","0.9212348342787141"
"prinz_1295","tripadvisor_6457","0.9003574753681877"
"prinz_8529","tripadvisor_7158","0.847227420174087"
"prinz_505","tripadvisor_2227","0.9770646602742077"
"prinz_340","tripadvisor_4215","0.9744630797782716"
"prinz_1065","tripadvisor_6828","0.9755198108014262"
"prinz_2128","tripadvisor_4732","0.9910068492569546"
"prinz_1661","tripadvisor_488","0.9857278257199047"
"prinz_4932","tripadvisor_7472","0.936439657162953"
"prinz_4080","tripadvisor_7280","0.9834164713026328"
"prinz_4213","tripadvisor_3295","0.9440046149634769"
"prinz_2671","tripadvisor_7435","1.0"
"prinz_2184","tripadvisor_280","0.9438516935141029"
"prinz_2655","tripadvisor_2866","0.8697400983632632"
"prinz_1949","tripadvisor_1160","0.8772723034344898"
"prinz_4655","tripadvisor_6437","0.9705152209553181"
"prinz_270","tripadvisor_6672","0.9292900376876343"
"prinz_2961","tripadvisor_2294","0.9855223245639037"
"prinz_1531","tripadvisor_3934","0.9626943608339998"
"prinz_2188","tripadvisor_6730","0.9642857142857143"
"prinz_2193","tripadvisor_4591","0.9949659723642572"
"prinz_517","tripadvisor_7218","0.9870452172758309"
"prinz_1220","tripadvisor_6100","0.9845842465406438"
"prinz_712","tripadvisor_5313","0.9310691752368367"
"prinz_1338","tripadvisor_5306","0.8769293047418003"
"prinz_2743","tripadvisor_2135","0.8689942027006294"
"prinz_216","tripadvisor_5042","0.836711509466217"
"prinz_5018","tripadvisor_268","0.9829066400423534"
"prinz_1066","tripadvisor_2392","0.9874356962654673"
"prinz_535","tripadvisor_4862","0.9848752638002884"
"prinz_2444","tripadvisor_1185","0.9022169701303114"
"prinz_2740","tripadvisor_3338","0.8833545198706488"
"prinz_906","tripadvisor_4986","0.8429664987961046"
"prinz_4348","tripadvisor_2256","0.8377313792809632"
"prinz_207","tripadvisor_6656","0.8730502271153343"
"prinz_2533","tripadvisor_6775","0.9369323879034664"
"prinz_557","tripadvisor_7342","0.9769877651249942"
"prinz_1150","tripadvisor_928","0.9369884560463383"
"prinz_2817","tripadvisor_2863","0.8670530229561002"
"prinz_572","tripadvisor_467","1.0"
"prinz_263","tripadvisor_2587","0.9208010264276956"
"prinz_5041","tripadvisor_5874","0.8380422441297561"
"prinz_183","tripadvisor_6866","0.9736499405934874"
"prinz_4151","tripadvisor_675","0.9616079009259392"
"prinz_1554","tripadvisor_3296","0.90625"
"prinz_1924","tripadvisor_7027","0.999960328819177"
"prinz_3040","tripadvisor_1605","0.9638295680645284"
"prinz_301","tripadvisor_626","0.9842442955425179"
"prinz_1151","tripadvisor_5545","0.9888831439969485"
"prinz_1280","tripadvisor_7176","0.8984605518366507"
"prinz_641","tripadvisor_6925","0.8604891761312038"
"prinz_9732","tripadvisor_6531","0.9416310529122082"
"prinz_499","tripadvisor_3198","0.9931422466219596"
"prinz_2037","tripadvisor_7623","0.8823529411764706"
"prinz_796","tripadvisor_5870","0.978959974559025"
"prinz_4948","tripadvisor_3761","0.9755021405351247"
"prinz_1667","tripadvisor_6438","0.9454605746097148"
"prinz_960","tripadvisor_1012","0.9151075216258249"
"prinz_4273","tripadvisor_940","0.9891846260737323"
"prinz_2918","tripadvisor_6209","0.8398184348451947"
"prinz_1967","tripadvisor_6294","0.9447967006727201"
"prinz_5661","tripadvisor_1873","0.9616869420818742"
"prinz_9103","tripadvisor_3836","0.9654758776062254"
"prinz_7216","tripadvisor_8028","0.881860208150728"
"prinz_1095","tripadvisor_4416","1.0"
"prinz_872","tripadvisor_4462","0.9445668312880092"
"prinz_5435","tripadvisor_4575","0.8787878787878788"
"prinz_1698","tripadvisor_4136","0.9999999999970532"
"prinz_3684","tripadvisor_4533","0.9791666666666666"
"prinz_2498","tripadvisor_851","0.9284702597981174"
"prinz_2155","tripadvisor_6374","0.9166666666666667"
"prinz_297","tripadvisor_259","0.9119088048084495"
"prinz_5814","tripadvisor_513","0.8702334726175043"
"prinz_1206","tripadvisor_6997","0.9239331287054897"
"prinz_2873","tripadvisor_6908","0.9857278695713569"
"prinz_720","tripadvisor_7077","1.0"
"prinz_1927","tripadvisor_2841","0.9821428571428572"
"prinz_1068","tripadvisor_650","1.0"
"prinz_1431","tripadvisor_5745","0.9090909090909091"
"prinz_7104","tripadvisor_3389","0.9724062359847643"
"prinz_427","tripadvisor_6608","0.8689283010012605"
"prinz_1710","tripadvisor_6281","0.9783725542761363"
"prinz_2196","tripadvisor_2981","1.0"
"prinz_575","tripadvisor_6889","0.9862260333157047"
"prinz_1395","tripadvisor_6037","0.8529681761758954"
"prinz_2436","tripadvisor_4310","0.977994395278956"
"prinz_1650","tripadvisor_6146","0.9326077823934752"
"prinz_447","tripadvisor_4794","0.9791666666637199"
"prinz_4929","tripadvisor_6510","0.8533513834620092"
"prinz_2590","tripadvisor_2609","0.9536143237734893"
"prinz_373","tripadvisor_4528","0.9334628862061889"
"prinz_4268","tripadvisor_6692","0.9784354221105649"
"prinz_861","tripadvisor_3924","0.9688361827305704"
"prinz_706","tripadvisor_186","0.9892066202929247"
"prinz_2606","tripadvisor_638","1.0"
"prinz_2479","tripadvisor_6909","1.0"
"prinz_1290","tripadvisor_7266","0.9760358710073255"
"prinz_2679","tripadvisor_2580","0.965361379795891"
"prinz_5108","tripadvisor_921","0.8353642261263539"
"prinz_3753","tripadvisor_6224","0.8660656203098076"
"prinz_5061","tripadvisor_7620","0.9659056908643656"
"prinz_516","tripadvisor_5878","0.9150080610075412"
"prinz_9601","tripadvisor_7497","0.9055305740831718"
"prinz_1118","tripadvisor_2307","0.911020272044423"
"prinz_1794","tripadvisor_2598","0.874669667248789"
"prinz_2699","tripadvisor_6284","0.9741928118603079"
"prinz_1820","tripadvisor_4815","0.9837296323852055"
"prinz_1665","tripadvisor_920","0.9884349901038328"
"prinz_1450","tripadvisor_6012","0.9774396525051688"
"prinz_4286","tripadvisor_7127","0.9807002161871474"
"prinz_342","tripadvisor_7422","0.9594950677740904"
"prinz_2920","tripadvisor_1016","0.9671120065125901"
"prinz_217","tripadvisor_6793","0.8778069524168731"
"prinz_8027","tripadvisor_4177","0.8382352941176471"
"prinz_1082","tripadvisor_6562","1.0"
"prinz_4078","tripadvisor_6736","0.9827254751603651"
"prinz_1608","tripadvisor_595","0.9913415452430749"
"prinz_6679","tripadvisor_3111","0.87"
"prinz_1244","tripadvisor_197","0.9863208999494923"
"prinz_9645","tripadvisor_1940","0.9835982322406318"
"prinz_3005","tripadvisor_343","0.9654641895118081"
"prinz_2579","tripadvisor_1464","0.9308006546795854"
"prinz_1307","tripadvisor_152","0.9999999999970532"
"prinz_6363","tripadvisor_8110","0.9228686962221516"
"prinz_3975","tripadvisor_6670","0.9778328144037305"
"prinz_1745","tripadvisor_2250","0.9038461538461539"
"prinz_7762","tripadvisor_2105","0.9565818936531424"
"prinz_287","tripadvisor_1307","0.98626635923469"
"prinz_3989","tripadvisor_6076","0.9550725678873164"
"prinz_333","tripadvisor_6043","0.9892327159952731"
"prinz_2099","tripadvisor_7073","0.8692784017558302"
"prinz_1760","tripadvisor_5713","0.992075453592727"
"prinz_573","tripadvisor_2384","0.9133338951103972"
"prinz_1106","tripadvisor_1401","0.9903429230844495"
"prinz_2317","tripadvisor_483","1.0"
"prinz_8609","tripadvisor_7580","0.9005172900533758"
"prinz_2499","tripadvisor_7882","0.9292044091443774"
"prinz_2654","tripadvisor_877","0.9609847549704172"
"prinz_2605","tripadvisor_3132","1.0"
"prinz_7003","tripadvisor_5706","0.8465735097833296"
"prinz_304","tripadvisor_6439","0.9898368130613455"
"prinz_795","tripadvisor_6250","0.9667314957875692"
"prinz_3082","tripadvisor_1163","0.9506387789530507"
"prinz_4759","tripadvisor_4219","0.9735750103677256"
"prinz_726","tripadvisor_3183","0.9466930655049501"
"prinz_870","tripadvisor_568","0.9731698961074782"
"prinz_4287","tripadvisor_447","0.9384219409897104"
"prinz_1853","tripadvisor_328","0.9889978695698924"
"prinz_2160","tripadvisor_5563","0.9577332133368021"
"prinz_5098","tripadvisor_7591","0.862989780668317"
"prinz_1807","tripadvisor_2092","0.9809125043341349"
"prinz_2323","tripadvisor_6601","0.9869545157936122"
"prinz_910","tripadvisor_6150","0.9722222222222222"
"prinz_1941","tripadvisor_8128","0.9890944462145675"
"prinz_9567","tripadvisor_5497","0.9793495585836651"
"prinz_8898","tripadvisor_2459","0.9858818193922853"
"prinz_2376","tripadvisor_1092","0.9027623322420666"
"prinz_2200","tripadvisor_4481","0.9894700051010976"
"prinz_2258","tripadvisor_2271","0.8856148963794022"
"prinz_1839","tripadvisor_521","0.9240010605145843"
"prinz_8934","tripadvisor_3296","0.8439579388293339"
"prinz_859","tripadvisor_7212","0.8402777777777778"
"prinz_9783","tripadvisor_6567","0.9901387176596564"
"prinz_2176","tripadvisor_6875","0.9318073200879652"
"prinz_2589","tripadvisor_3276","0.9693743201941074"
"prinz_2225","tripadvisor_6783","0.9858570872727133"
"prinz_5617","tripadvisor_8055","0.9280556678427688"
"prinz_2084","tripadvisor_7365","0.9808558729780735"
"prinz_9598","tripadvisor_8085","0.971669532929346"
"prinz_380","tripadvisor_381","0.9786233007047339"
